x-axis,1,2
second,Ampere,Volt
-0.01,0.38,217.09
-0.01,0.17,233.17
-0.01,-0.03,257.29
-0.01,0.53,202.82
-0.01,0.38,233.42
-0.01,-0.03,251.58
-0.01,0.17,233.17
-0.01,0.21,218.64
-0.01,0.17,232.65
-0.01,0.38,227.72
-0.01,0.06,252.62
-0.01,0.17,215.79
-0.01,0.56,217.86
-0.01,0.10,246.40
-0.01,0.05,238.09
-0.01,0.38,238.08
-0.01,0.17,252.35
-0.01,0.17,225.13
-0.01,0.17,240.67
-0.01,-0.03,233.17
-0.01,0.38,210.34
-0.01,0.29,244.57
-0.01,-0.03,235.77
-0.01,0.38,209.05
-0.01,0.34,225.13
-0.01,0.17,228.75
-0.01,0.32,230.82
-0.01,0.17,225.92
-0.01,0.38,210.85
-0.01,0.38,233.17
-0.01,-0.03,253.12
-0.01,0.17,241.20
-0.01,0.38,217.09
-0.01,0.17,249.25
-0.01,0.17,218.91
-0.01,0.17,241.46
-0.01,0.17,233.17
-0.01,0.48,221.48
-0.01,0.17,241.21
-0.01,-0.03,255.76
-0.01,0.51,211.63
-0.01,0.38,237.82
-0.01,0.17,233.17
-0.01,0.17,241.21
-0.01,0.25,225.13
-0.01,0.38,222.00
-0.01,0.20,233.17
-0.01,-0.03,295.44
-0.01,0.25,209.05
-0.01,0.38,225.13
-0.01,0.17,272.58
-0.01,0.17,220.94
-0.01,0.17,228.48
-0.01,0.17,241.21
-0.01,0.38,232.63
-0.01,-0.03,247.70
-0.01,0.06,230.36
-0.01,0.58,214.74
-0.01,0.37,241.21
-0.01,0.17,233.17
-0.01,0.27,237.33
-0.01,0.38,183.48
-0.01,0.38,225.13
-0.01,0.32,235.22
-0.01,-0.03,246.24
-0.01,0.38,209.05
-0.01,0.38,233.41
-0.01,-0.03,251.56
-0.01,0.17,233.17
-0.01,0.38,231.59
-0.01,0.17,241.21
-0.01,0.38,233.17
-0.01,-0.03,256.03
-0.01,0.17,218.40
-0.01,0.56,225.13
-0.01,0.17,212.80
-0.01,0.17,230.03
-0.01,0.38,217.09
-0.01,0.35,227.16
-0.01,0.17,230.07
-0.01,0.17,224.54
-0.01,0.17,256.49
-0.01,0.54,209.05
-0.01,0.17,249.25
-0.01,-0.03,254.67
-0.01,0.36,211.21
-0.01,0.38,231.63
-0.01,0.17,241.21
-0.01,0.38,230.81
-0.01,-0.03,249.25
-0.01,0.38,217.09
-0.01,0.38,228.99
-0.01,0.12,243.30
-0.01,0.17,233.14
-0.01,0.38,219.14
-0.01,0.17,237.29
-0.01,0.17,233.17
-0.01,0.17,241.67
-0.01,0.17,258.40
-0.01,0.38,217.09
-0.01,0.17,249.25
-0.01,-0.03,256.79
-0.01,0.38,214.52
-0.01,0.38,237.81
-0.01,-0.03,242.53
-0.01,0.17,263.07
-0.01,0.17,233.17
-0.01,0.38,225.13
-0.01,0.38,242.27
-0.01,0.15,239.22
-0.01,0.25,217.09
-0.01,0.45,227.40
-0.01,-0.01,262.90
-0.01,0.17,222.59
-0.01,0.17,242.56
-0.01,0.17,243.83
-0.01,0.38,225.13
-0.01,0.17,249.25
-0.01,-0.03,262.57
-0.01,0.43,214.72
-0.01,0.38,248.96
-0.01,0.13,233.17
-0.01,0.27,241.21
-0.01,0.38,227.23
-0.01,0.17,233.13
-0.01,0.32,241.21
-0.01,-0.03,240.63
-0.01,0.33,218.93
-0.01,0.57,233.39
-0.01,0.12,257.29
-0.01,0.17,244.87
-0.01,0.38,231.58
-0.01,0.17,248.76
-0.01,0.31,233.17
-0.01,-0.03,240.25
-0.01,0.34,218.42
-0.01,0.56,226.61
-0.01,0.10,244.85
-0.01,0.17,252.73
-0.01,0.17,232.09
-0.01,0.17,239.20
-0.01,0.38,233.17
-0.01,-0.21,228.65
-0.01,-0.03,227.57
-0.01,0.38,225.13
-0.01,-0.03,270.62
-0.01,0.17,227.76
-0.01,0.17,256.17
-0.01,0.21,239.69
-0.01,0.46,233.17
-0.01,0.17,249.25
-0.01,-0.03,248.35
-0.01,0.42,225.13
-0.01,0.17,265.33
-0.01,0.17,235.28
-0.01,0.17,257.25
-0.01,0.17,241.11
-0.01,0.47,233.17
-0.01,0.02,255.43
-0.01,-0.02,249.25
-0.01,0.38,225.13
-0.01,0.17,260.96
-0.01,0.38,226.72
-0.01,0.17,265.33
-0.01,0.04,230.62
-0.01,0.46,229.75
-0.01,0.01,243.89
-0.01,0.17,236.10
-0.01,0.38,227.93
-0.01,0.17,255.56
-0.01,0.38,233.17
-0.01,0.00,245.28
-0.01,0.05,222.06
-0.01,0.58,222.23
-0.01,0.15,270.70
-0.01,0.17,239.95
-0.01,0.26,250.64
-0.01,0.17,257.29
-0.01,0.38,225.13
-0.01,0.17,257.29
-0.01,0.06,250.12
-0.01,0.58,222.74
-0.01,0.19,225.43
-0.01,0.17,239.44
-0.01,0.17,248.89
-0.01,0.03,243.33
-0.01,0.57,225.13
-0.01,0.17,257.29
-0.01,-0.03,253.02
-0.01,0.38,225.13
-0.01,0.17,249.46
-0.01,0.17,238.92
-0.01,0.27,249.92
-0.01,0.13,247.64
-0.01,0.56,225.59
-0.01,0.17,259.83
-0.01,0.06,226.32
-0.01,0.38,225.13
-0.01,0.17,242.66
-0.01,0.38,233.17
-0.01,0.17,244.37
-0.01,-0.03,251.43
-0.01,0.58,224.14
-0.01,0.17,254.23
-0.01,0.17,241.21
-0.01,0.17,228.45
-0.01,0.17,254.80
-0.01,0.38,233.17
-0.01,0.17,257.29
-0.01,-0.04,250.39
-0.01,0.41,218.59
-0.01,0.29,245.67
-0.01,0.17,241.21
-0.01,0.18,249.56
-0.01,0.17,249.25
-0.01,0.47,228.96
-0.01,0.17,263.68
-0.01,-0.03,249.25
-0.01,0.38,225.13
-0.01,0.17,253.77
-0.01,0.17,241.21
-0.01,0.17,257.29
-0.01,0.17,246.97
-0.01,0.48,229.48
-0.01,0.17,257.29
-0.01,-0.02,241.67
-0.01,0.38,236.14
-0.01,0.26,225.33
-0.01,0.34,241.21
-0.01,0.17,241.21
-0.01,0.04,251.70
-0.01,0.58,221.95
-0.01,0.17,257.29
-0.01,0.17,233.17
-0.01,0.17,233.17
-0.01,0.17,248.54
-0.01,0.38,240.37
-0.01,0.17,257.29
-0.01,-0.03,256.82
-0.01,0.51,225.13
-0.01,0.36,211.37
-0.01,0.17,241.21
-0.01,0.06,257.29
-0.01,0.17,262.08
-0.01,0.38,225.13
-0.01,0.13,263.58
-0.01,-0.03,249.25
-0.01,0.43,225.13
-0.01,0.38,241.27
-0.01,0.22,247.24
-0.01,0.17,261.37
-0.01,0.17,249.25
-0.01,0.38,225.32
-0.01,0.32,257.29
-0.01,-0.03,233.81
-0.01,0.38,250.80
-0.01,0.36,211.76
-0.01,0.24,243.73
-0.01,0.17,227.40
-0.01,-0.03,249.25
-0.01,0.58,225.84
-0.01,0.17,248.93
-0.01,-0.03,244.39
-0.01,0.35,235.38
-0.01,0.17,264.36
-0.01,0.38,236.21
-0.01,0.17,257.29
-0.01,-0.03,266.17
-0.01,0.58,218.31
-0.01,0.29,272.94
-0.01,0.17,233.12
-0.01,0.17,249.84
-0.01,0.17,268.91
-0.01,0.38,233.17
-0.01,0.17,259.69
-0.01,-0.03,265.99
-0.01,0.38,225.13
-0.01,0.28,206.62
-0.01,0.17,241.21
-0.01,0.37,177.76
-0.01,0.12,249.25
-0.01,0.48,225.13
-0.01,0.22,263.44
-0.01,-0.03,272.81
-0.01,0.38,219.35
-0.01,0.38,236.87
-0.01,0.17,241.21
-0.01,0.36,228.68
-0.01,-0.03,271.33
-0.01,0.49,225.13
-0.01,0.17,257.29
-0.01,-0.03,241.91
-0.01,0.17,248.96
-0.01,0.38,241.21
-0.01,0.38,248.13
-0.01,0.35,256.33
-0.01,-0.03,270.33
-0.01,0.58,222.20
-0.01,0.35,257.29
-0.01,0.17,249.25
-0.01,0.17,252.54
-0.01,0.17,251.97
-0.01,0.38,233.17
-0.01,0.17,257.29
-0.01,-0.12,277.86
-0.01,0.38,222.71
-0.01,0.38,249.25
-0.01,0.17,249.25
-0.01,0.17,265.33
-0.01,0.17,262.59
-0.01,0.38,225.13
-0.01,0.17,259.28
-0.01,-0.03,245.47
-0.01,0.38,233.17
-0.01,0.37,249.07
-0.01,0.17,255.03
-0.01,0.17,237.49
-0.01,0.01,263.69
-0.01,0.57,233.17
-0.01,0.31,265.33
-0.01,-0.03,257.29
-0.01,0.34,234.55
-0.01,0.38,241.21
-0.01,0.17,246.48
-0.01,0.17,252.44
-0.01,-0.03,274.49
-0.01,0.58,218.04
-0.01,0.30,255.30
-0.01,0.10,250.02
-0.01,0.17,248.38
-0.01,0.34,229.97
-0.01,0.29,241.21
-0.01,0.24,254.61
-0.01,-0.21,273.37
-0.01,0.41,225.13
-0.01,0.38,257.29
-0.01,-0.03,249.25
-0.01,0.17,265.33
-0.01,0.17,248.11
-0.01,0.38,236.97
-0.01,0.23,257.29
-0.01,-0.03,272.39
-0.01,0.53,227.11
-0.01,0.38,253.31
-0.01,0.17,245.02
-0.01,0.17,210.40
-0.01,0.17,194.83
-0.01,0.38,233.17
-0.01,0.33,257.29
-0.01,-0.22,271.66
-0.01,0.24,233.17
-0.01,0.38,249.25
-0.01,0.17,254.51
-0.01,0.17,249.93
-0.01,-0.03,281.65
-0.01,0.46,225.13
-0.01,0.38,264.20
-0.01,-0.03,271.48
-0.01,0.17,252.26
-0.01,0.30,254.34
-0.01,0.38,241.21
-0.01,0.17,257.29
-0.01,-0.11,282.89
-0.01,0.51,225.13
-0.01,0.39,256.67
-0.01,0.01,262.41
-0.01,0.17,258.26
-0.01,0.17,241.21
-0.01,0.38,241.21
-0.01,0.33,257.29
-0.01,-0.03,289.45
-0.01,0.52,225.13
-0.01,0.38,249.25
-0.01,0.17,251.35
-0.01,0.17,253.55
-0.01,0.17,251.16
-0.01,0.38,233.17
-0.01,0.32,259.52
-0.01,-0.03,260.44
-0.01,0.38,234.82
-0.01,0.38,248.83
-0.01,0.17,251.74
-0.01,0.17,253.81
-0.01,-0.03,268.46
-0.01,0.38,225.80
-0.01,0.38,260.04
-0.01,-0.03,276.58
-0.01,0.17,249.25
-0.01,0.38,245.89
-0.01,0.17,216.06
-0.01,0.25,257.29
-0.01,-0.03,295.73
-0.01,0.38,225.13
-0.01,0.38,257.29
-0.01,-0.03,265.38
-0.01,0.17,264.70
-0.01,0.34,239.75
-0.01,0.38,241.21
-0.01,0.23,257.29
-0.01,-0.03,312.84
-0.01,0.22,233.17
-0.01,0.28,253.03
-0.01,0.12,261.65
-0.01,0.17,241.31
-0.01,0.17,229.06
-0.01,0.48,233.17
-0.01,0.22,257.29
-0.01,-0.03,257.75
-0.01,0.23,236.75
-0.01,0.38,244.94
-0.01,0.17,252.57
-0.01,0.38,257.29
-0.01,-0.03,286.96
-0.01,0.38,233.17
-0.01,0.38,255.88
-0.01,-0.21,281.41
-0.01,0.24,254.73
-0.01,0.38,254.07
-0.01,0.17,257.29
-0.01,0.17,257.29
-0.01,-0.03,287.41
-0.01,0.50,233.17
-0.01,0.38,257.29
-0.01,-0.03,279.03
-0.01,0.29,262.07
-0.01,0.38,249.25
-0.01,0.38,248.62
-0.01,0.34,257.29
-0.01,-0.11,285.93
-0.01,0.38,227.57
-0.01,0.38,256.91
-0.01,0.02,276.30
-0.01,0.38,259.61
-0.01,0.17,249.25
-0.01,0.38,233.28
-0.01,0.33,259.25
-0.01,-0.03,269.33
-0.01,0.33,230.91
-0.01,0.38,249.25
-0.01,0.12,263.11
-0.01,0.27,257.29
-0.01,0.17,297.17
-0.01,0.38,233.57
-0.01,0.38,259.76
-0.01,-0.03,285.96
-0.01,0.17,257.29
-0.01,0.38,249.91
-0.01,0.17,249.25
-0.01,0.25,257.29
-0.01,-0.03,225.17
-0.01,0.38,233.17
-0.01,0.38,252.24
-0.01,-0.03,281.41
-0.01,0.17,250.14
-0.01,0.38,256.11
-0.01,0.38,245.99
-0.01,0.38,257.29
-0.01,-0.01,256.65
-0.01,0.38,238.33
-0.01,0.49,252.76
-0.01,-0.03,283.86
-0.01,0.18,248.49
-0.01,0.17,257.29
-0.01,0.38,244.98
-0.01,0.38,257.29
-0.01,-0.02,288.84
-0.01,0.38,227.08
-0.01,0.38,257.29
-0.01,0.02,267.26
-0.01,0.18,241.34
-0.01,0.12,270.35
-0.01,0.38,241.21
-0.01,0.42,263.65
-0.01,-0.03,281.41
-0.01,0.24,244.31
-0.01,0.38,249.25
-0.01,0.17,260.13
-0.01,0.17,257.29
-0.01,-0.03,220.10
-0.01,0.38,233.17
-0.01,0.38,256.12
-0.01,-0.03,281.41
-0.01,0.17,257.29
-0.01,0.38,249.25
-0.01,0.20,250.15
-0.01,0.20,257.29
-0.01,-0.03,291.00
-0.01,0.38,233.17
-0.01,0.39,264.03
-0.01,-0.03,279.98
-0.01,0.17,255.22
-0.01,0.17,257.29
-0.01,0.38,256.51
-0.01,0.33,265.33
-0.01,-0.03,238.62
-0.01,0.32,235.37
-0.01,0.58,257.16
-0.01,-0.03,281.41
-0.01,0.27,237.19
-0.01,0.17,263.12
-0.01,0.38,241.21
0.00,0.38,257.29
0.00,-0.03,278.68
0.00,0.17,258.97
0.00,0.38,249.63
0.00,0.17,276.48
0.00,0.38,253.78
0.00,0.17,254.96
0.00,0.38,241.21
0.00,0.38,260.01
0.00,-0.03,287.90
0.00,0.17,258.46
0.00,0.38,249.25
0.00,0.17,262.35
0.00,0.38,257.29
0.00,0.15,280.49
0.00,0.38,241.21
0.00,0.38,252.48
0.00,-0.03,286.87
0.00,0.17,257.94
0.00,0.21,249.25
0.00,0.26,253.79
0.00,0.38,262.86
0.00,-0.03,294.20
0.00,0.22,241.21
0.00,0.47,257.29
0.00,0.03,281.41
0.00,0.37,201.97
0.00,0.13,255.94
0.00,0.27,249.25
0.00,0.38,263.37
0.00,-0.03,241.69
0.00,0.17,257.29
0.00,0.38,253.52
0.00,0.02,279.71
0.00,0.38,257.29
0.00,0.03,278.95
0.00,0.40,263.85
0.00,0.41,257.29
0.00,-0.03,288.81
0.00,0.17,257.29
0.00,0.38,260.54
0.00,0.35,259.64
0.00,0.35,257.29
0.00,0.10,291.55
0.00,0.30,244.20
0.00,0.55,249.25
0.00,-0.03,308.95
0.00,0.25,246.08
0.00,0.17,257.29
0.00,0.17,257.95
0.00,0.34,258.70
0.00,-0.03,277.92
0.00,0.31,241.21
0.00,0.57,256.48
0.00,-0.03,283.08
0.00,0.27,246.05
0.00,0.17,263.95
0.00,0.17,249.39
0.00,0.38,265.33
0.00,0.07,277.37
0.00,0.12,267.29
0.00,0.57,249.25
0.00,0.03,287.26
0.00,0.28,261.55
0.00,0.02,281.41
0.00,0.18,249.25
0.00,0.38,259.73
0.00,0.06,290.45
0.00,0.17,265.33
0.00,0.38,257.29
0.00,0.17,278.70
0.00,0.38,265.33
0.00,-0.03,275.74
0.00,0.20,250.13
0.00,0.58,257.29
0.00,0.05,285.57
0.00,0.17,263.47
0.00,0.38,257.29
0.00,0.25,274.97
0.00,0.38,265.33
0.00,0.17,255.27
0.00,0.17,259.71
0.00,0.49,252.72
0.00,0.04,262.09
0.00,0.17,219.56
0.00,0.33,263.66
0.00,0.17,261.59
0.00,0.38,257.29
0.00,-0.22,502.07
0.00,0.02,259.56
0.00,0.58,245.20
0.00,0.17,297.65
0.00,0.17,257.29
0.00,0.17,279.23
0.00,0.17,261.07
0.00,0.58,255.57
0.00,0.17,327.11
0.00,0.03,265.33
0.00,0.38,249.25
0.00,0.17,290.22
0.00,0.19,257.29
0.00,0.11,286.75
0.00,0.29,259.06
0.00,0.58,249.25
0.00,0.17,279.65
0.00,0.17,268.28
0.00,0.50,249.25
0.00,0.17,294.68
0.00,0.38,257.29
0.00,0.17,289.43
0.00,0.11,260.04
0.00,0.58,248.57
0.00,0.17,281.07
0.00,0.06,267.70
0.00,0.38,259.78
0.00,0.17,274.63
0.00,0.38,258.94
0.00,0.17,266.49
0.00,-0.03,275.60
0.00,0.58,264.84
0.00,0.17,275.28
0.00,0.17,269.38
0.00,0.17,267.31
0.00,0.17,265.33
0.00,0.38,253.59
0.00,0.07,281.41
0.00,-0.03,273.37
0.00,0.38,249.25
0.00,0.17,235.77
0.00,0.17,265.33
0.00,0.17,282.87
0.00,0.17,264.71
0.00,0.58,251.93
0.00,0.17,281.41
0.00,0.00,275.77
0.00,0.38,249.25
0.00,0.17,261.03
0.00,0.38,265.33
0.00,0.17,287.56
0.00,0.00,266.46
0.00,0.50,252.45
0.00,0.17,284.17
0.00,-0.01,258.66
0.00,0.38,257.29
0.00,0.17,274.37
0.00,0.31,257.29
0.00,0.17,273.80
0.00,-0.03,289.26
0.00,0.48,244.93
0.00,0.17,281.41
0.00,-0.03,265.33
0.00,0.17,281.41
0.00,0.17,273.20
0.00,0.38,255.30
0.00,0.17,281.41
0.00,-0.03,293.16
0.00,0.58,249.25
0.00,0.33,275.10
0.00,0.17,273.02
0.00,0.17,281.41
0.00,0.17,274.32
0.00,0.38,249.25
0.00,0.17,289.45
0.00,-0.16,302.85
0.00,0.38,249.25
0.00,0.38,278.98
0.00,0.17,272.50
0.00,0.17,271.20
0.00,0.17,276.39
0.00,0.40,241.21
0.00,0.17,281.41
0.00,-0.03,286.25
0.00,0.38,249.25
0.00,0.38,272.67
0.00,0.17,273.37
0.00,0.29,265.33
0.00,0.17,283.92
0.00,0.38,248.81
0.00,0.38,266.96
0.00,0.17,277.69
0.00,0.32,275.62
0.00,0.38,258.18
0.00,0.17,307.88
0.00,0.17,261.36
0.00,0.17,281.41
0.00,0.17,273.37
0.00,0.38,259.44
0.00,0.07,285.64
0.00,-0.03,291.18
0.00,0.38,249.25
0.00,0.31,275.78
0.00,0.09,273.37
0.00,0.21,276.32
0.00,0.38,264.73
0.00,0.38,257.29
0.00,0.38,273.37
0.00,-0.03,306.25
0.00,0.38,248.39
0.00,0.38,265.33
0.00,-0.03,303.56
0.00,0.17,249.25
0.00,0.35,265.33
0.00,0.25,281.41
0.00,0.38,265.33
0.00,0.17,281.41
0.00,0.01,277.29
0.00,0.58,257.29
0.00,0.17,286.93
0.00,-0.03,273.37
0.00,0.33,278.15
0.00,0.38,246.80
0.00,0.38,263.07
0.00,0.17,281.41
0.00,-0.07,295.11
0.00,0.47,245.28
0.00,0.38,273.37
0.00,-0.03,289.52
0.00,0.17,265.33
0.00,0.38,261.11
0.00,0.17,286.64
0.00,0.37,265.66
0.00,-0.03,295.08
0.00,0.08,264.41
0.00,0.58,263.84
0.00,0.17,289.45
0.00,0.04,281.41
0.00,0.38,262.02
0.00,0.20,259.74
0.00,0.17,266.17
0.00,0.17,263.13
0.00,-0.03,300.53
0.00,0.55,249.25
0.00,0.17,282.51
0.00,-0.03,286.27
0.00,0.31,254.82
0.00,0.56,265.33
0.00,0.17,288.08
0.00,0.38,268.76
0.00,-0.03,289.45
0.00,0.36,257.74
0.00,0.38,268.57
0.00,0.17,278.36
0.00,0.17,279.14
0.00,0.38,264.94
0.00,0.17,253.85
0.00,0.17,269.41
0.00,0.17,287.44
0.00,0.17,281.60
0.00,0.52,257.29
0.00,0.17,289.45
0.00,-0.18,302.75
0.00,0.57,249.25
0.00,0.38,281.41
0.00,0.08,284.98
0.00,0.38,281.41
0.00,0.17,278.59
0.00,0.38,257.29
0.00,0.38,278.10
0.00,0.00,259.76
0.00,0.19,249.25
0.00,0.58,260.20
0.00,0.05,306.64
0.00,0.17,230.99
0.00,0.17,273.37
0.00,0.17,276.54
0.00,0.38,265.33
0.00,0.17,288.73
0.00,-0.03,302.82
0.00,0.58,249.25
0.00,0.24,286.91
0.00,-0.03,282.33
0.00,0.33,274.98
0.00,0.28,269.01
0.00,0.17,271.09
0.00,0.17,281.20
0.00,-0.03,244.95
0.00,0.47,245.15
0.00,0.58,277.37
0.00,-0.03,305.47
0.00,0.17,279.28
0.00,0.38,269.53
0.00,0.17,291.21
0.00,0.38,273.68
0.00,0.17,297.49
0.00,0.08,276.94
0.00,0.58,257.29
0.00,0.17,296.92
0.00,-0.03,275.91
0.00,0.38,262.01
0.00,0.38,273.37
0.00,0.17,273.37
0.00,0.17,264.65
0.00,-0.03,291.37
0.00,0.55,256.30
0.00,0.35,282.50
0.00,-0.03,307.24
0.00,0.30,265.33
0.00,0.38,265.33
0.00,0.14,290.79
0.00,0.17,273.37
0.00,0.04,294.94
0.00,0.17,273.84
0.00,0.54,265.33
0.00,0.17,289.45
0.00,-0.03,285.98
0.00,0.58,257.29
0.00,0.33,270.22
0.00,0.17,273.37
0.00,0.22,287.49
0.00,0.17,273.41
0.00,0.43,263.20
0.00,0.17,289.45
0.00,-0.18,306.49
0.00,0.38,249.55
0.00,0.38,275.75
0.00,0.08,301.07
0.00,0.38,231.17
0.00,0.17,273.37
0.00,0.17,270.73
0.00,0.38,278.08
0.00,0.17,270.34
0.00,-0.01,278.94
0.00,0.50,263.08
0.00,0.17,304.36
0.00,0.17,273.37
0.00,0.20,282.49
0.00,0.17,296.06
0.00,0.38,270.56
0.00,0.17,289.45
0.00,-0.03,296.15
0.00,0.58,249.25
0.00,0.38,289.45
0.00,-0.03,297.96
0.00,0.17,281.41
0.00,0.28,277.73
0.00,0.17,277.95
0.00,0.38,281.41
0.00,-0.03,297.49
0.00,0.27,253.36
0.00,0.58,271.33
0.00,-0.03,281.53
0.00,0.17,287.33
0.00,0.27,269.52
0.00,0.22,293.00
0.00,0.38,265.62
0.00,0.17,299.86
0.00,-0.03,299.37
0.00,0.54,263.81
0.00,0.17,297.49
0.00,-0.03,276.29
0.00,0.29,272.00
0.00,0.38,280.15
0.00,0.17,281.41
0.00,0.38,276.26
0.00,-0.03,257.78
0.00,0.38,257.29
0.00,0.38,289.45
0.00,0.10,310.42
0.00,0.10,276.19
0.00,0.58,272.62
0.00,0.14,297.49
0.00,0.26,273.37
0.00,0.04,302.97
0.00,0.17,281.41
0.00,0.54,265.33
0.00,0.08,297.49
0.00,-0.03,306.69
0.00,0.57,265.10
0.00,0.33,281.41
0.00,0.17,277.48
0.00,0.17,293.14
0.00,-0.03,209.39
0.00,0.38,259.39
0.00,0.38,293.63
0.00,-0.03,264.44
0.00,0.18,257.29
0.00,0.52,275.73
0.00,-0.03,305.53
0.00,0.34,263.80
0.00,0.17,296.39
0.00,0.24,278.78
0.00,0.38,273.37
0.00,0.00,297.49
0.00,-0.01,288.64
0.00,0.58,260.17
0.00,0.17,289.45
0.00,0.17,273.37
0.00,0.20,283.54
0.00,0.17,243.96
0.00,0.38,270.54
0.00,0.39,278.40
0.00,-0.03,324.36
0.00,0.38,257.29
0.00,0.38,289.45
0.00,-0.03,306.02
0.00,0.17,287.87
0.00,0.27,269.71
0.00,0.17,277.99
0.00,0.38,281.41
0.00,0.13,330.33
0.00,0.17,261.20
0.00,0.58,271.32
0.00,0.17,297.42
0.00,0.17,269.87
0.00,0.38,277.23
0.00,0.22,267.93
0.00,0.37,281.13
0.00,0.17,295.13
0.00,-0.03,312.75
0.00,0.58,255.75
0.00,0.17,297.49
0.00,-0.03,302.91
0.00,0.29,281.41
0.00,0.38,281.41
0.00,0.17,289.45
0.00,0.17,286.57
0.00,-0.03,305.53
0.00,0.38,266.34
0.00,0.38,282.46
0.00,0.05,288.09
0.00,0.17,284.24
0.00,0.38,273.37
0.00,0.17,318.98
0.00,0.26,278.02
0.00,0.04,300.06
0.00,0.16,289.45
0.00,0.58,260.43
0.00,0.17,301.88
0.00,-0.03,306.61
0.00,0.38,257.29
0.00,0.33,289.45
0.00,0.17,285.54
0.00,0.17,287.19
0.00,0.17,281.39
0.00,0.38,265.33
0.00,0.38,277.82
0.00,0.13,275.17
0.00,0.18,288.35
0.00,0.58,273.37
0.00,0.17,309.15
0.00,0.38,274.91
0.00,0.17,290.51
0.00,0.17,289.45
0.00,0.38,273.37
0.00,0.17,298.77
0.00,-0.03,303.95
0.00,0.58,260.15
0.00,0.25,288.18
0.00,-0.03,288.42
0.00,0.17,289.45
0.00,0.17,268.91
0.00,0.38,273.37
0.00,0.17,282.17
0.00,-0.03,329.65
0.00,0.38,257.29
0.00,0.44,286.86
0.00,-0.03,315.10
0.00,0.38,305.53
0.00,0.17,277.01
0.00,0.17,297.49
0.00,0.38,281.66
0.00,-0.03,304.78
0.00,0.07,285.79
0.00,0.58,265.33
0.00,0.17,297.47
0.00,0.12,287.37
0.00,0.27,285.02
0.00,0.22,287.64
0.00,0.37,289.18
0.00,0.17,297.49
0.00,-0.03,326.02
0.00,0.54,257.29
0.00,0.36,297.49
0.00,-0.03,313.57
0.00,0.17,278.04
0.00,0.38,280.11
0.00,0.17,304.75
0.00,0.38,284.26
0.00,-0.03,305.53
0.00,0.17,275.44
0.00,0.55,275.45
0.00,0.10,310.45
0.00,-0.03,292.81
0.00,0.38,273.37
0.00,0.17,309.42
0.00,0.29,284.78
0.00,0.10,313.83
0.00,-0.01,291.00
0.00,0.58,266.88
0.00,0.17,309.16
0.00,0.12,279.07
0.00,0.38,265.59
0.00,0.38,301.12
0.00,0.38,285.56
0.00,0.38,289.45
0.00,0.17,305.53
0.00,0.78,239.39
0.00,0.47,297.49
0.00,0.33,285.04
0.00,0.76,98.28
0.00,0.72,237.83
0.00,0.78,241.21
0.00,0.78,263.77
0.00,0.38,272.34
0.00,1.04,230.58
0.00,0.98,261.95
0.00,0.78,251.85
0.00,1.16,256.51
0.00,1.18,252.60
0.00,1.38,233.17
0.00,1.38,257.29
0.00,0.98,280.37
0.00,1.58,217.09
0.00,1.58,254.43
0.00,1.56,242.77
0.00,1.75,228.00
0.00,1.58,193.71
0.00,1.98,184.92
0.00,1.80,216.56
0.00,1.58,210.59
0.00,2.07,180.51
0.00,2.24,201.01
0.00,2.18,209.05
0.00,2.39,195.58
0.00,2.18,216.53
0.00,2.73,166.76
0.00,2.59,201.00
0.00,2.33,204.91
0.00,2.69,189.06
0.00,2.79,184.92
0.00,2.59,192.96
0.00,2.79,198.68
0.00,2.39,195.23
0.00,2.99,168.84
0.00,2.99,201.01
0.00,2.72,217.09
0.00,2.99,192.96
0.00,3.02,192.96
0.00,3.01,184.92
0.00,3.19,203.85
0.00,2.79,225.13
0.00,3.36,183.87
0.00,3.39,201.01
0.00,3.11,218.93
0.00,3.46,198.14
0.00,3.55,199.30
0.00,3.79,176.88
0.00,3.71,201.01
0.00,3.39,220.12
0.00,3.98,78.77
0.00,3.83,192.96
0.00,3.59,210.66
0.00,3.85,158.82
0.00,3.60,217.09
0.00,3.99,178.68
0.00,3.99,201.01
0.00,3.64,209.05
0.00,3.79,192.96
0.00,3.99,192.96
0.00,3.89,201.01
0.00,3.84,199.17
0.00,3.79,185.17
0.00,4.19,174.57
0.00,4.08,201.01
0.00,3.79,215.51
0.00,3.99,192.96
0.00,18.93,-268.86
0.00,25.90,-982.16
0.00,25.90,"-1,021.11"
0.00,25.90,"-1,021.11"
0.00,25.90,"-1,021.11"
0.00,25.90,"-1,021.11"
0.00,25.90,"-1,021.11"
0.00,25.90,"-1,021.11"
0.00,25.90,"-1,021.11"
0.00,25.90,"-1,021.11"
0.00,25.90,"-1,021.11"
0.00,25.90,"-1,021.11"
0.00,25.90,"-1,021.11"
0.00,25.90,"-1,021.11"
0.00,25.90,"-1,021.11"
0.00,25.90,"-1,021.11"
0.00,25.90,"-1,021.11"
0.00,25.90,"-1,021.11"
0.00,25.90,"-1,021.11"
0.00,25.90,"-1,021.11"
0.00,25.90,"-1,021.11"
0.00,25.90,"-1,021.11"
0.00,25.90,"-1,021.11"
0.00,25.90,"-1,002.98"
0.00,25.90,-985.03
0.00,25.90,-942.55
0.00,25.90,-924.16
0.00,25.90,-884.42
0.00,25.90,-836.91
0.00,25.90,-804.02
0.00,25.90,-770.39
0.00,25.90,-721.74
0.00,25.90,-715.58
0.00,25.90,-684.74
0.00,25.90,-657.80
0.00,25.90,-635.18
0.00,25.90,-603.02
0.00,25.90,-600.88
0.00,25.90,-561.81
0.00,25.90,-530.65
0.00,25.90,-519.73
0.00,25.90,-498.49
0.00,25.90,-474.37
0.00,25.90,-453.59
0.00,25.90,-444.84
0.00,25.90,-434.17
0.00,25.90,-429.60
0.00,25.90,-402.01
0.00,25.90,-385.93
0.00,25.50,-370.43
0.00,24.70,-355.55
0.00,24.09,-349.59
0.00,23.29,-308.57
0.00,22.49,-321.61
0.00,22.03,-313.57
0.00,21.38,-301.60
0.00,20.68,-297.49
0.00,20.07,-304.85
0.00,19.61,-279.11
0.00,19.07,-260.95
0.00,18.71,-263.74
0.00,18.26,-256.80
0.00,18.00,-249.25
0.00,17.46,-223.90
0.00,17.06,-233.17
0.00,16.84,-225.87
0.00,16.25,-217.09
0.00,15.93,-160.14
0.00,15.65,-209.05
0.00,15.25,-193.96
0.00,14.65,-201.01
0.00,14.45,-184.92
0.00,14.24,-184.92
0.00,13.84,-170.10
0.00,13.44,-172.18
0.00,13.24,-163.44
0.00,13.04,-160.80
0.00,12.67,-168.84
0.00,12.64,-159.95
0.00,12.29,-155.14
0.00,12.23,-160.80
0.00,11.83,-149.21
0.00,11.83,-144.72
0.00,11.58,-150.65
0.00,11.43,-152.72
0.00,11.43,-150.73
0.00,11.23,-161.33
0.00,11.03,-132.97
0.00,11.03,-144.72
0.00,10.63,-126.35
0.00,10.72,-169.06
0.00,10.63,-136.68
0.00,10.61,-129.12
0.00,10.43,-134.13
0.00,10.14,-128.64
0.00,10.02,-107.21
0.00,10.02,-119.14
0.00,9.82,-117.80
0.00,9.70,-120.60
0.00,9.62,-113.65
0.00,9.60,-119.61
0.00,9.42,-97.64
0.00,9.22,-112.56
0.00,9.22,-112.56
0.00,9.02,-111.31
0.00,8.65,-56.59
0.00,8.88,-104.52
0.00,8.82,-97.05
0.00,7.98,-75.88
0.00,8.42,-96.48
0.00,8.01,-83.68
0.00,8.01,-104.52
0.00,7.97,-86.68
0.00,7.71,-100.68
0.00,8.01,-88.44
0.00,7.81,-72.36
0.00,7.26,-94.46
0.00,7.61,-84.34
0.00,6.76,-62.46
0.00,7.61,-88.65
0.00,7.81,-96.48
0.00,7.61,-92.80
0.00,7.41,-82.01
0.00,6.41,-109.76
0.00,7.21,-77.86
0.00,6.49,-59.71
0.00,6.81,-80.40
0.00,7.01,-80.40
0.00,7.21,-93.68
0.00,7.01,-72.36
0.00,6.61,-72.36
0.00,6.61,-73.35
0.00,7.01,-85.38
0.00,6.68,-74.59
0.00,5.62,-55.45
0.00,6.61,-72.36
0.00,6.20,-64.32
0.00,6.20,-77.75
0.00,6.61,-72.36
0.00,6.41,-64.32
0.00,6.49,-79.51
0.00,6.20,-61.93
0.00,5.40,-40.52
0.00,6.00,-68.84
0.00,5.60,-80.03
0.00,6.00,-52.51
0.00,6.20,-72.36
0.00,6.00,-64.32
0.00,6.20,-56.42
0.00,6.00,-56.28
0.00,5.40,-40.20
0.00,5.80,-62.05
0.00,5.69,-68.67
0.00,5.16,-35.35
0.00,5.80,-56.28
0.00,5.60,-37.23
0.00,5.72,-55.11
0.00,5.80,-50.96
0.00,5.58,-48.24
0.00,4.80,-82.19
0.00,5.60,-56.28
0.00,5.37,-57.38
0.00,5.38,-49.22
0.00,5.40,-59.33
0.00,5.40,-53.37
0.00,5.60,-57.12
0.00,5.40,-48.24
0.00,5.40,-46.82
0.00,5.40,-48.24
0.00,5.41,-64.32
0.00,5.40,-48.24
0.00,4.91,-40.20
0.00,5.14,-56.28
0.00,5.20,-55.31
0.00,4.60,-40.20
0.00,5.00,-48.24
0.00,5.00,-35.92
0.00,5.00,-48.24
0.00,5.20,-48.24
0.00,5.00,-44.28
0.00,4.40,-17.96
0.00,4.80,-48.05
0.00,4.80,-40.20
0.00,4.40,-32.16
0.00,5.00,-48.32
0.00,4.99,-25.02
0.00,4.80,-50.77
0.00,5.00,-40.20
0.00,4.80,-46.88
0.00,4.40,-2.84
0.00,4.60,-47.62
0.00,4.60,-40.20
0.00,3.99,-24.12
0.00,4.60,-39.23
0.00,4.60,-70.19
0.00,4.52,-40.20
0.00,4.60,-33.01
0.00,4.77,-41.43
0.00,4.08,-32.16
0.00,4.40,-34.83
0.00,4.40,-24.71
0.00,1.74,302.45
0.00,0.29,72.36
0.00,0.78,16.08
0.00,0.78,39.87
0.00,0.58,32.16
0.00,0.67,35.98
0.00,0.58,48.24
0.00,0.78,32.16
0.00,0.78,40.20
0.00,0.78,36.13
0.00,0.58,48.24
0.00,0.78,32.35
0.00,0.63,34.42
0.00,0.58,36.49
0.00,0.58,22.49
0.00,0.78,39.76
0.00,0.71,37.68
0.00,0.69,50.55
0.00,0.58,33.53
0.00,0.58,39.50
0.00,0.58,34.94
0.00,0.58,35.35
0.00,0.75,39.09
0.00,0.60,40.20
0.00,0.58,40.20
0.00,0.45,104.44
0.00,0.76,24.98
0.00,0.78,38.98
0.00,0.58,36.91
0.00,0.58,42.87
0.00,0.76,32.76
0.00,0.78,30.68
0.00,0.66,40.20
0.00,0.58,73.98
0.00,0.58,39.86
0.00,0.58,40.20
0.00,0.58,28.77
0.00,0.58,49.81
0.00,0.77,32.16
0.00,0.78,34.15
0.00,0.58,40.20
0.00,0.58,40.20
0.00,0.58,40.02
0.00,0.78,32.16
0.00,0.58,40.20
0.00,0.58,22.64
0.00,0.58,32.16
0.00,0.58,34.67
0.00,0.58,36.74
0.00,0.58,48.24
0.00,0.58,31.47
0.00,0.78,32.16
0.00,0.66,40.20
0.00,0.58,39.08
0.00,0.53,52.57
0.00,0.78,14.09
0.00,0.58,37.26
0.00,0.58,48.24
0.00,0.58,40.20
0.00,0.66,89.23
0.00,0.58,40.20
0.00,0.58,32.77
0.00,0.58,51.88
0.00,0.69,32.16
0.00,0.78,32.16
0.00,0.58,47.89
0.00,0.53,64.32
0.00,0.58,40.20
0.00,0.58,40.20
0.00,0.77,32.25
0.00,0.53,58.27
0.00,0.58,36.14
0.00,0.58,34.07
0.00,0.58,48.07
0.00,0.58,34.40
0.00,0.58,40.20
0.00,0.58,32.16
0.00,0.58,40.63
0.00,0.58,50.21
0.00,0.58,32.16
0.00,0.61,38.81
0.00,0.76,40.89
0.00,0.51,48.24
0.00,0.58,40.20
0.00,0.58,40.20
0.00,0.58,40.20
0.00,0.58,48.24
0.00,0.58,51.99
0.00,0.58,33.03
0.00,0.58,47.04
0.00,0.58,40.20
0.00,0.58,56.28
0.00,0.58,17.31
0.00,0.74,40.20
0.00,0.58,48.24
0.00,0.44,57.03
0.00,0.58,40.20
0.00,0.38,40.20
0.00,0.58,40.20
0.00,0.43,51.94
0.00,0.58,32.26
0.00,0.73,34.14
0.00,0.58,48.24
0.00,0.58,42.12
0.00,0.58,40.20
0.00,0.58,42.44
0.00,0.58,48.82
0.00,0.42,59.35
0.00,0.58,40.62
0.00,0.71,32.16
0.00,0.66,44.77
0.00,0.58,40.20
0.00,0.58,40.20
0.00,0.58,32.16
0.00,0.58,36.99
0.00,0.58,47.10
0.00,0.55,48.24
0.00,0.58,40.20
0.00,0.58,40.20
0.00,0.58,40.20
0.00,0.58,45.85
0.00,0.58,40.20
0.00,0.71,40.20
0.00,0.39,48.86
0.00,0.41,84.09
0.00,0.58,40.20
0.00,0.58,45.08
0.00,0.58,47.88
0.00,0.58,45.33
0.00,0.58,40.20
0.00,0.58,40.20
0.00,0.58,48.24
0.00,0.58,40.20
0.00,0.58,48.24
0.00,0.58,46.32
0.00,0.77,40.35
0.00,0.43,48.24
0.00,0.38,40.20
0.00,0.74,32.16
0.00,0.57,48.24
0.00,0.58,48.24
0.00,0.46,44.76
0.00,0.54,40.20
0.00,0.58,47.57
0.00,0.58,42.75
0.00,0.50,43.42
0.00,0.58,41.35
0.00,0.58,41.13
0.00,0.58,40.20
0.00,0.58,45.28
0.00,0.58,40.20
0.00,0.58,40.20
0.00,0.38,67.58
0.00,0.44,45.54
0.00,0.58,40.20
0.00,0.58,54.84
0.00,0.58,43.72
0.00,0.58,31.46
0.00,0.58,40.20
0.00,0.62,40.20
0.00,0.47,52.50
0.00,0.52,50.43
0.00,0.57,48.24
0.00,0.42,58.44
0.00,0.58,44.24
0.00,0.58,48.24
0.00,0.38,48.24
0.00,0.58,40.20
0.00,0.58,43.95
0.00,0.42,48.24
0.00,0.58,48.24
0.00,0.38,45.15
0.00,0.58,40.20
0.00,0.41,56.28
0.00,0.38,47.58
0.00,0.58,40.20
0.00,0.58,67.48
0.00,0.58,41.36
0.00,0.38,78.56
0.00,0.38,50.29
0.00,0.58,43.17
0.00,0.38,69.67
0.00,0.55,21.97
0.00,0.58,40.20
0.00,0.38,53.57
0.00,0.58,48.24
0.00,0.38,28.43
0.00,0.46,40.20
0.00,0.58,45.79
0.00,0.58,48.24
0.00,0.38,48.24
0.00,0.58,48.24
0.00,0.58,46.04
0.00,0.38,48.24
0.00,0.53,60.42
0.00,0.38,48.24
0.00,0.58,40.20
0.00,0.58,48.38
0.00,0.58,54.07
0.00,0.38,52.00
0.00,0.58,41.88
0.00,0.57,40.60
0.00,0.58,53.81
0.00,0.38,51.38
0.00,0.58,40.20
0.00,0.76,70.40
0.00,0.51,50.97
0.00,0.58,40.20
0.00,0.58,48.24
0.00,0.58,48.24
0.00,0.45,48.24
0.00,0.38,56.28
0.00,0.38,48.24
0.00,0.58,110.08
0.00,0.49,51.48
0.00,0.44,37.60
0.00,0.58,40.20
0.00,0.58,35.92
0.00,0.58,48.24
0.00,0.58,53.82
0.00,0.38,78.07
0.00,0.73,54.60
0.00,0.58,52.00
0.00,0.52,56.28
0.00,0.58,40.20
0.00,0.58,46.30
0.00,0.48,48.24
0.00,0.42,56.28
0.00,0.57,56.28
0.00,0.58,46.04
0.00,0.47,48.24
0.00,0.53,56.28
0.01,0.38,55.90
0.01,0.58,48.24
0.01,0.46,51.33
0.01,0.38,48.24
0.01,0.56,79.76
0.01,0.38,53.56
0.01,0.58,38.65
0.01,0.38,56.28
0.01,0.38,45.62
0.01,0.58,40.20
0.01,0.58,48.24
0.01,0.40,63.41
0.01,0.58,48.24
0.01,0.58,56.28
0.01,0.58,48.24
0.01,0.58,48.90
0.01,0.38,61.48
0.01,0.49,48.24
0.01,0.58,42.67
0.01,0.57,56.68
0.01,0.38,56.28
0.01,0.38,48.24
0.01,0.38,66.54
0.01,0.58,56.14
0.01,0.38,56.28
0.01,0.27,56.30
0.01,0.58,40.20
0.01,0.58,40.32
0.01,0.38,58.48
0.01,0.38,63.82
0.01,0.42,54.58
0.01,0.38,56.28
0.01,0.51,56.28
0.01,0.49,51.75
0.01,0.38,56.28
0.01,0.58,56.28
0.01,0.38,80.49
0.01,0.38,65.66
0.01,0.58,48.24
0.01,0.55,70.57
0.01,0.58,51.21
0.01,0.38,31.06
0.01,0.38,50.08
0.01,0.58,56.28
0.01,0.58,56.28
0.01,0.38,59.02
0.01,0.56,48.24
0.01,0.58,54.87
0.01,0.49,56.28
0.01,0.44,56.28
0.01,0.38,56.69
0.01,0.58,40.20
0.01,0.58,51.99
0.01,0.38,56.28
0.01,0.38,56.58
0.01,0.38,54.35
0.01,0.38,68.36
0.01,0.53,50.20
0.01,0.38,88.22
0.01,0.38,48.24
0.01,0.58,48.24
0.01,0.38,56.28
0.01,0.37,102.30
0.01,0.58,48.24
0.01,0.58,51.76
0.01,0.54,57.73
0.01,0.58,48.87
0.01,0.44,50.94
0.01,0.58,44.98
0.01,0.55,56.28
0.01,0.38,63.44
0.01,0.58,34.28
0.01,0.58,53.28
0.01,0.40,64.32
0.01,0.38,64.32
0.01,0.38,56.28
0.01,0.51,53.54
0.01,0.39,62.98
0.01,0.38,64.32
0.01,0.38,56.28
0.01,0.58,48.24
0.01,0.57,56.28
0.01,0.38,64.32
0.01,0.58,52.55
0.01,0.38,56.28
0.01,0.38,56.28
0.01,0.53,64.32
0.01,0.38,72.41
0.01,0.42,48.24
0.01,0.58,56.28
0.01,0.38,64.32
0.01,0.38,69.04
0.01,0.38,56.28
0.01,0.38,56.28
0.01,0.38,56.28
0.01,0.38,42.16
0.01,0.54,48.24
0.01,0.58,56.28
0.01,0.51,56.24
0.01,0.38,56.28
0.01,0.38,55.09
0.01,0.38,64.32
0.01,0.58,53.33
0.01,0.45,61.31
0.01,0.38,57.22
0.01,0.58,42.47
0.01,0.46,61.11
0.01,0.38,64.32
0.01,0.38,55.60
0.01,0.54,57.68
0.01,0.49,59.75
0.01,0.58,56.28
0.01,0.38,64.74
0.01,0.58,54.63
0.01,0.58,56.28
0.01,0.38,64.32
0.01,0.38,64.81
0.01,0.58,56.28
0.01,0.38,64.32
0.01,0.53,62.34
0.01,0.38,56.38
0.01,0.38,56.28
0.01,0.58,56.28
0.01,0.38,66.04
0.01,0.38,50.72
0.01,0.38,56.28
0.01,0.46,60.78
0.01,0.38,64.32
0.01,0.38,63.10
0.01,0.38,64.32
0.01,0.49,56.28
0.01,0.41,56.28
0.01,0.35,-11.07
0.01,0.45,53.34
0.01,0.58,48.24
0.01,0.38,81.35
0.01,0.38,56.28
0.01,0.38,61.12
0.01,0.38,61.81
0.01,0.56,56.28
0.01,0.41,62.93
0.01,0.38,64.32
0.01,0.44,48.24
0.01,0.39,56.71
0.01,0.38,64.32
0.01,0.38,68.04
0.01,0.38,56.28
0.01,0.38,56.28
0.01,0.53,64.32
0.01,0.28,47.90
0.01,0.38,50.23
0.01,0.58,56.37
0.01,0.38,82.56
0.01,0.47,56.28
0.01,0.38,62.59
0.01,0.38,63.98
0.01,0.58,56.28
0.01,0.38,67.87
0.01,0.38,56.28
0.01,0.58,56.28
0.01,0.44,64.32
0.01,0.38,69.07
0.01,0.38,63.11
0.01,0.58,56.28
0.01,0.45,54.11
0.01,0.38,61.29
0.01,0.38,67.18
0.01,0.58,55.16
0.01,0.50,64.32
0.01,0.38,64.32
0.01,0.38,57.67
0.01,0.41,57.66
0.01,0.58,64.32
0.01,0.38,61.81
0.01,0.38,79.53
0.01,0.54,57.92
0.01,0.58,51.95
0.01,0.38,72.36
0.01,0.38,79.51
0.01,0.53,50.14
0.01,0.38,64.32
0.01,0.38,70.37
0.01,0.38,64.32
0.01,0.38,64.32
0.01,0.58,64.32
0.01,0.38,72.36
0.01,0.37,72.02
0.01,0.38,50.65
0.01,0.46,60.77
0.01,0.38,72.36
0.01,0.38,71.77
0.01,0.38,64.32
0.01,0.38,56.28
0.01,0.41,64.32
0.01,0.38,72.36
0.01,0.25,64.32
0.01,0.50,51.28
0.01,0.40,43.09
0.01,0.38,64.32
0.01,0.38,77.22
0.01,0.38,60.06
0.01,0.38,64.32
0.01,0.38,70.99
0.01,0.09,91.89
0.01,0.51,56.28
0.01,0.56,64.32
0.01,0.38,64.32
0.01,0.38,58.72
0.01,0.38,56.28
0.01,0.38,56.47
0.01,0.38,64.32
0.01,0.38,52.44
0.01,0.38,56.28
0.01,0.58,56.28
0.01,0.38,70.76
0.01,0.38,64.32
0.01,0.38,64.32
0.01,0.38,95.82
0.01,0.44,61.92
0.01,0.38,72.36
0.01,0.17,70.27
0.01,0.58,48.24
0.01,0.38,66.98
0.01,0.29,70.93
0.01,0.38,57.51
0.01,0.38,63.48
0.01,0.38,59.20
0.01,0.45,67.37
0.01,0.17,87.47
0.01,0.55,56.28
0.01,0.58,64.32
0.01,0.38,72.36
0.01,0.38,94.35
0.01,0.38,64.32
0.01,0.38,64.32
0.01,0.44,69.83
0.01,0.19,109.39
0.01,0.38,56.28
0.01,0.58,59.98
0.01,0.38,72.36
0.01,0.18,25.29
0.01,0.53,58.16
0.01,0.38,64.32
0.01,0.38,64.32
0.01,0.38,72.36
0.01,0.17,68.09
0.01,0.48,48.24
0.01,0.42,72.36
0.01,0.38,72.36
0.01,0.38,64.32
0.01,0.38,67.89
0.01,0.38,70.87
0.01,0.38,72.36
0.01,0.24,72.36
0.01,0.38,64.32
0.01,0.58,71.12
0.01,0.19,80.40
0.01,0.17,84.83
0.01,0.50,64.32
0.01,0.38,72.36
0.01,0.35,72.36
0.01,0.45,69.19
0.01,0.38,64.32
0.01,0.39,57.00
0.01,0.38,80.40
0.01,0.17,79.22
0.01,0.38,64.32
0.01,0.56,64.32
0.01,0.38,72.36
0.01,0.28,56.28
0.01,0.38,72.36
0.01,0.38,64.32
0.01,0.38,72.36
0.01,0.17,64.47
0.01,0.38,64.32
0.01,0.38,64.32
0.01,0.38,100.26
0.01,0.38,68.53
0.01,0.38,64.32
0.01,0.37,79.78
0.01,0.38,64.32
0.01,0.26,76.82
0.01,0.17,73.87
0.01,0.38,63.75
0.01,0.51,69.72
0.01,0.38,72.36
0.01,0.38,81.65
0.01,0.38,61.83
0.01,0.38,74.59
0.01,0.38,72.36
0.01,0.20,99.74
0.01,0.38,56.28
0.01,0.38,72.36
0.01,0.24,99.29
0.01,0.38,57.01
0.01,0.38,65.67
0.01,0.38,76.98
0.01,0.38,69.82
0.01,0.17,103.11
0.01,0.33,64.32
0.01,0.58,60.64
0.01,0.23,80.40
0.01,0.37,72.36
0.01,0.38,58.14
0.01,0.38,72.36
0.01,0.38,72.36
0.01,0.38,64.37
0.01,0.38,70.24
0.01,0.48,55.93
0.01,0.42,66.09
0.01,0.38,80.10
0.01,0.38,64.32
0.01,0.38,67.91
0.01,0.38,78.89
0.01,0.38,72.36
0.01,0.31,83.29
0.01,0.38,54.90
0.01,0.41,71.11
0.01,0.38,87.62
0.01,0.17,82.65
0.01,0.38,64.32
0.01,0.55,72.36
0.01,0.20,79.32
0.01,0.38,69.21
0.01,0.38,77.59
0.01,0.38,71.63
0.01,0.38,80.40
0.01,0.26,73.58
0.01,0.38,64.32
0.01,0.39,72.36
0.01,0.38,80.40
0.01,0.28,73.06
0.01,0.32,74.66
0.01,0.38,72.36
0.01,0.38,72.36
0.01,0.17,80.40
0.01,0.17,66.36
0.01,0.38,64.32
0.01,0.32,89.68
0.01,0.38,80.40
0.01,0.17,74.14
0.01,0.37,104.23
0.01,0.38,66.69
0.01,0.38,84.00
0.01,0.17,91.04
0.01,0.38,56.84
0.01,0.38,72.36
0.01,0.17,75.70
0.01,0.17,93.96
0.01,0.38,65.13
0.01,0.38,67.21
0.01,0.38,72.36
0.01,0.17,71.36
0.01,0.38,64.32
0.01,0.38,72.36
0.01,0.24,90.84
0.01,0.36,51.22
0.01,0.38,72.36
0.01,0.38,79.46
0.01,0.38,64.32
0.01,0.38,80.89
0.01,0.17,80.40
0.01,0.58,64.32
0.01,0.38,74.66
0.01,0.38,72.82
0.01,0.38,72.36
0.01,0.48,68.24
0.01,0.38,72.36
0.01,0.38,72.33
0.01,0.17,90.17
0.01,0.38,64.32
0.01,0.53,72.36
0.01,0.37,80.40
0.01,0.38,72.36
0.01,0.38,72.36
0.01,0.38,72.36
0.01,0.38,72.36
0.01,0.17,102.08
0.01,0.38,72.36
0.01,0.58,64.32
0.01,0.35,89.26
0.01,0.17,91.32
0.01,0.38,63.10
0.01,0.38,73.37
0.01,0.35,80.40
0.01,0.38,75.50
0.01,0.38,80.40
0.01,0.38,64.32
0.01,0.38,87.12
0.01,0.17,85.05
0.01,0.38,72.36
0.01,0.56,72.36
0.01,0.34,80.40
0.01,0.38,80.40
0.01,0.38,80.40
0.01,0.38,72.36
0.01,0.53,74.20
0.01,0.27,88.44
0.01,0.17,80.40
0.01,0.38,72.34
0.01,0.38,68.86
0.01,0.27,80.40
0.01,0.22,90.24
0.01,0.17,87.88
0.01,0.38,55.31
0.01,0.28,88.44
0.01,0.17,98.02
0.01,0.38,64.32
0.01,0.38,80.20
0.01,0.38,80.40
0.01,0.38,83.33
0.01,0.19,71.56
0.01,0.50,67.19
0.01,0.38,80.40
0.01,0.17,72.36
0.01,0.38,72.36
0.01,0.38,72.36
0.01,0.38,72.36
0.01,0.38,87.68
0.01,0.17,72.36
0.01,0.58,67.71
0.01,0.38,96.79
0.01,0.36,80.40
0.01,0.34,72.36
0.01,0.38,72.36
0.01,0.38,78.08
0.01,0.38,88.20
0.01,0.17,84.78
0.01,0.47,64.32
0.01,0.38,80.40
0.01,0.38,80.40
0.01,0.32,74.45
0.01,0.38,76.24
0.01,0.38,72.36
0.01,0.38,88.44
0.01,0.03,94.14
0.01,0.38,76.78
0.01,0.38,80.40
0.01,0.19,87.91
0.01,0.17,107.13
0.01,0.26,96.48
0.01,0.38,79.12
0.01,0.38,88.44
0.01,0.25,56.83
0.01,0.38,75.46
0.01,0.38,73.39
0.01,0.38,80.40
0.01,0.30,74.16
0.01,0.38,101.19
0.01,0.38,38.66
0.01,0.38,81.71
0.01,0.17,85.06
0.01,0.38,72.36
0.01,0.38,72.36
0.01,0.38,72.36
0.01,0.38,84.04
0.01,0.17,97.75
0.01,0.38,72.11
0.01,0.38,76.01
0.01,0.17,84.55
0.01,0.23,86.61
0.01,0.38,72.36
0.01,0.38,80.40
0.01,0.38,84.56
0.01,0.17,110.75
0.01,0.57,2.38
0.01,0.38,86.10
0.01,0.38,88.44
0.01,0.21,104.80
0.01,0.36,81.45
0.01,0.38,80.40
0.01,0.38,85.07
0.01,0.17,74.95
0.01,0.38,79.62
0.01,0.38,80.40
0.01,0.17,88.44
0.01,0.17,88.44
0.01,0.35,79.36
0.01,0.38,75.48
0.01,0.38,85.59
0.01,0.17,89.22
0.01,0.38,65.62
0.01,0.38,77.03
0.01,0.38,80.40
0.01,0.38,87.92
0.01,0.17,74.18
0.01,0.38,67.95
0.01,0.38,86.11
0.01,0.17,97.26
0.01,0.33,80.40
0.01,0.38,76.51
0.01,0.38,80.40
0.01,0.38,88.44
0.01,0.17,104.52
0.01,0.38,68.21
0.01,0.42,80.40
0.01,0.17,96.23
0.01,0.38,102.19
0.01,0.38,76.77
0.01,0.38,72.36